000,Protojank
0,Jankest Thoughty Dorico
1,Jankman
2,Captain Jankman
3,Disapproving Jankman
4,Jankmean
5,Angry Jankman
6,Jankceler
7,Jankgun
8,Jepe
9,Doriman
10,Jankdacity
Ten,Wrongjank
11,Jankmystery
12,Jankplorer
13,Jankchan
14,Dankman
15,J'apple
16,POV Jankman
17,Joom
18,Jankachu
19,Janky Leg
20,Homme du Janque
21,Jank Zappa
22,Jankmogus
23,Jankahegao
24,General Jankious
25,Jank Bond
26,Jankacrul
27,SCP Jank
28,Jankavision
29,Janklesnake
30,Metajank
31,Jankcraft
32,Jankhetung
33,Man
34,Jankeye
35,Tantaman
36,Jankbot
37,Jankskin
38,Jankstar
39,shadowJank
40,Janksfilms
41,Jankclock
42,Fistcord Jankday
43,J-Man
44,Janklery
45,Janksnail
46,Jank Flakes
47,Jankochondian
48,JankmanYT
49,JankThonk
50,Jrug
51,Jankwoman
52,Jankerpillar
53,Jankmate
54,Jank Torrance
55,Pennyjank
56,Private Martin Jankman
57,Jans
58,Jankmeat
58.5,Jankmeat: Origins
59,Jank Harmon
60,Jankmelts
420,Wasteman
999,Dr. Jankman
1989,Tankman
32591,Sighted Advanced Combat Shotg
56455,Jankaphallus
44444444,aaaaaaaaaAAHHHH
Googolplex,HD Jankman
Jank,Jank
whatever ,together-at-last-emon
whatever II,idkeman
,
,
